<?xml version="1.0" encoding="UTF-8"?>
<!DOCTYPE mapper
  PUBLIC "-//mybatis.org//DTD Mapper 3.0//EN"
  "https://mybatis.org/dtd/mybatis-3-mapper.dtd">
<mapper namespace="registerProdDAO">
	<!-- 상품테이블에 추가하기 -->
	<insert id="insertProduct" parameterType="registerProd">
		INSERT INTO PRODUCT (
			PRODUCT_ID, SELLER_ID, BRAND, TITLE, IMAGE
			, PRICE, DISCOUNT_RATE, RATING_AVG, CONTENT, APPROVAL_STATUS
			, PRODUCT_STATUS, SUBMIT_DATE, OPTION_CHECK, ORIGIN, MANUFACTURING_DATE
			, EXPIRATION_DATE, CAUTION, NOTIFICATION, CATEGORY_NAME, STOCK)
		VALUES (
			PRODUCT_SEQ.NEXTVAL, '1', #{brand}, #{title}, #{image}
			, #{price}, #{discountRate}, '0', #{content}, '승인대기'
			, '비전시', SYSDATE, #{optionCheck}, #{origin}, #{manufacturingDate}
			, #{expirationDate}, #{caution}, #{notification}, #{categoryName}, #{stock})
			
	<selectKey keyProperty="productId" resultType="int" order="AFTER">
		SELECT PRODUCT_SEQ.CURRVAL FROM DUAL
	</selectKey>
	
	</insert>
	
	<!-- 옵션테이블에 추가하기 -->
	<insert id="insertOption" parameterType="registerProd">
		INSERT INTO OPTIONS (
			OPTION_ID, PRODUCT_ID, OPTION_NAME, OPTION_PRICE, OPTION_STOCK)
		VALUES (
			OPTIONS_SEQ.NEXTVAL, #{productId}, #{optionName}, #{optionPrice}, #{optionStock})
	</insert>

	<!-- 상품사진테이블에 추가하기 -->
	<insert id="insertProdImage" parameterType="registerProd">
		INSERT INTO PRODUCT_IMAGE (
		    IMAGE_ID, PRODUCT_ID, PRODUCT_PHOTO)
		VALUES (
		    OPTIONS_SEQ.NEXTVAL, #{productId}, #{productPhoto})
	</insert>
	
</mapper>